word	prefix	root	suffix
allocates	a	loc	ate
allocating	a	loc	ate
amelioration	a	meliorate	ion
amortizes	a	mort	ize
amortizing	a	mort	ize
ANABAPTISTS	ana	bapt	ist
ANABAPTIST	ana	bapt	ist
anachronistic	ana	chrono	ic
anarchists	a	arch	ist
upholder	up	hold	er
upholsterer	up	holster	er
uncannier	un	canny	er
uncertainness	un	certain	ness
uncleanness	un	clean	ness
uncompromisingly	un	compromise	ly
unconscionably	un	conscionable	y
unconsciousness	un	conscious	ness
uncouthly	un	couth	ly
undecidedness	un	decide	ness
underestimates	under	esteem	ate
underbidden	under	bid	en
undercarriages	under	carry	age
underhandedly	under	hand	ly
underpayments	under	pay	ment
understatements	under	state	ment
understudied	under	stud	y
undertakers	under	take	er
unendingly	un	end	ly
unevenly	un	even	ly
unevenness	un	even	ness
unfairness	un	fair	ness
unfavourable	un	favour	able
unfeignedly	un	feign	ly
ungenerously	un	generous	ly
unhappier	un	happy	er
unkinder	un	kind	er
unlearnt	un	learn	t
unloosen	un	loose	en
unloosening	un	loose	en
unloosens	un	loose	en
unmanly	un	man	ly
unmannerly	un	manner	ly
unmentionables	un	mention	able
unparliamentary	un	parliament	ory
UNPATRONIZING	un	patron	ize
unpractised	un	pract	ize
unprecedentedly	un	precedent	ly
unrelievedly	un	relieve	ly
unsavoury	un	savor	y
unseemliness	un	seemly	ness
unsparingly	un	spare	ly
UNSTUFFY	un	stuff	y
unswervingly	un	swerve	ly
untidier	un	tidy	er
untidiest	un	tidy	est
untidily	un	tidy	ly
untiringly	un	tire	ly
untouchables	un	touch	able
untowardness	un	toward	ness
ultramontane	ultra	mont	ane
unassumingly	un	assume	ly
unbecomingly	un	become	ly
unbelievers	un	believe	er
unblushingly	un	blush	ly
transalpine	trans	alp	ine
transfigurations	trans	figure	ion
transformations	trans	form	ion
transgressions	trans	gress	ion
transgressors	trans	gress	or
transliterated	trans	litera	ate
transliterating	trans	litera	ate
transmigrated	trans	migr	ate
transmigrating	trans	migr	ate
transshipments	trans	ship	ment
transmutable	trans	mute	able
transparence	trans	par	ance
transpolar	trans	pole	ar
transportable	trans	port	able
transpositions	trans	pose	ion
transsexuals	trans	sex	al
triennials	tri	ann	al
TRIGONAL	tri	gon	al
traducer	trans	duct	er
TETRACHLORIDE	tetra	chlor	ide
surrogates	sur	rog	ate
surveyors	sur	vey	or
synchronizes	syn	chrono	ize
synchronizing	syn	chrono	ize
SYNONYMY	syn	nym	y
synthetically	syn	thetic	ly
subjugated	sub	jug	ate
subjugates	sub	jug	ate
SUBLUNARY	sub	lun	ory
submariner	sub	marin	er
submersible	sub	merse	able
subordinating	sub	ordin	ate
substations	sub	stat	ion
substrata	sub	strat	a
subvention	sub	vent	ion
superannuate	super	ann	ate
superannuated	super	ann	ate
superfluities	super	flu	ity
supercharger	super	charge	er
SUPERLUNARY	super	lun	ory
supernumerary	super	numer	ory
superstructures	super	struct	ure
supervisions	super	vis	ion
suppositories	su	pose	ory
surmountable	sur	mount	able
subcontinents	sub	contain	ant
subcutaneously	sub	cutaneous	ly
subeditor	sub	edit	or
subeditors	sub	edit	or
secessions	se	cess	ion
seducers	se	duct	er
seductions	se	duct	ion
semifinalists	semi	final	ist
semiology	semi	log	y
restatements	re	state	ment
retardations	re	tard	ion
retractions	re	tract	ion
retrenchment	re	trench	ment
retrenchments	re	trench	ment
retrials	re	try	al
retrogression	retro	gress	ion
retrospections	retro	spect	ion
reversals	re	verse	al
reversions	re	verse	ion
revertible	re	vert	able
revitalized	re	vital	ize
revitalizes	re	vital	ize
revitalizing	re	vital	ize
revivifies	re	vive	ify
revolvers	re	volve	er
regressions	re	gress	ion
rejuvenated	re	juven	ate
rejuvenates	re	juven	ate
remilitarizes	re	militar	ize
remonstrances	re	monster	ance
remonstrates	re	monster	ate
remonstrating	re	monster	ate
removers	re	move	er
renewals	re	new	al
reorganizes	re	organ	ize
reorientate	re	orient	ate
repairable	re	pair	able
reparations	re	pair	ion
repatriated	re	pater	ate
repatriates	re	pater	ate
replaceable	re	place	able
replenishes	re	plen	ish
reposition	re	posit	ion
REQUESTERS	re	quest	er
requisitioning	re	quire	ion
requisitions	re	quire	ion
resemblances	re	semble	ance
resisters	re	sist	er
resistless	re	sist	less
resolvable	re	solve	able
resonated	re	sono	ate
respirations	re	spir	ion
reanimated	re	anim	ate
reanimates	re	anim	ate
rearrangements	re	arrange	ment
recapitulations	re	capitulate	ion
recaptures	re	capt	ure
receivable	re	ceive	able
receptacles	re	cept	acle
reciter	re	cite	er
recognizances	re	cognize	ance
reconcilable	re	concile	able
reconcilement	re	concile	ment
reconciliations	re	concile	ion
recriminated	re	crimin	ate
recriminates	re	crimin	ate
redeployment	re	deploy	ment
redeployments	re	deploy	ment
refection	re	fect	ion
reflexives	re	flex	ive
reforestations	re	forest	ion
reformations	re	form	ion
reformatories	re	form	ory
reformative	re	form	ive
refractions	re	fract	ion
quadrangular	quad	angle	ar
QUADRIPARTITE	quad	part	ite
quadrophonic	quadro	phon	ic
processions	pro	cess	ion
proconsular	pro	consul	ar
proconsulship	pro	consul	ship
prognostics	pro	gnose	tics
prohibitions	pro	hibit	ion
PROJECTIVE	pro	ject	ive
projectors	pro	ject	or
proportionable	pro	portion	able
proposer	pro	pose	er
propositioning	pro	pose	ion
prospectuses	pro	spect	us
protractors	pro	tract	or
protrusions	pro	trude	ion
providers	pro	vide	er
provisioning	pro	vide	ion
prearrangements	pre	arrange	ment
preceptors	pre	cept	or
precessions	pre	cess	ion
preclusions	pre	clude	ion
predestinate	pre	destine	ate
predestinates	pre	destine	ate
predestinated	pre	destine	ate
predestinating	pre	destine	ate
predeterminations	pre	determine	ion
prefabricating	pre	fabric	ate
prefecture	pre	fect	ure
prefectures	pre	fect	ure
prejudgements	pre	judge	ment
prenatally	pre	natal	ly
prepossessions	pre	possess	ion
prepossession	pre	possess	ion
prescience	pre	sci	ance
presentiments	pre	senti	ment
preservable	pre	serve	able
preservatives	pre	serve	ive
preservers	pre	serve	er
prevailingly	pre	vail	ly
POLYELECTROLYTES	poly	electro	lyte
polygamist	poly	gam	ist
POLYMERIC	poly	mer	ic
polyphonic	poly	phon	ic
polyphony	poly	phone	y
polytechnics	poly	tech	ic
POLYTONAL	poly	tone	al
postponements	post	pone	ment
pentagonal	penta	gon	al
peradventure	per	advent	ure
perambulate	per	amble	ate
perambulated	per	amble	ate
perambulating	per	amble	ate
perennials	per	ann	al
perfectible	per	fect	able
peripheries	peri	pher	y
perjurer	per	jur	er
perjurers	per	jur	er
perjuries	per	jur	y
persecutions	per	secute	ion
persecutors	per	secute	or
overweeningly	over	ween	ly
overweighting	over	weigh	t
pantheons	pan	theo	on
outbidden	out	bid	en
outfitters	out	fit	er
outgrowths	out	grow	th
outridden	out	rid	en
outrider	out	ride	er
outriders	out	ride	er
outworker	out	work	er
outworkers	out	work	er
overbearingly	over	bear	ly
overestimating	over	esteem	ate
overgrowths	over	grow	th
overleapt	over	leap	t
overpoweringly	over	power	ly
overseen	over	see	n
oversimplifies	over	simple	ify
oversimplifying	over	simple	ify
OVERSOFTNESS	over	soft	ness
overstatements	over	state	ment
octosyllabic	octo	syllab	ic
offhandedly	off	hand	ly
opposites	o	pose	ite
oppressions	o	press	ion
oppressor	o	press	or
NONDEFEATIST	non	defeat	ist
NONMAGICAL	non	magic	al
nonsmokers	non	smoke	er
obliterates	ob	litera	ate
obnoxiousness	ob	noxious	ness
multimillionaires	multi	million	aire
multifariously	multi	farious	ly
multifariousness	multi	farious	ness
monarchic	mono	arch	ic
monarchies	mono	arch	y
monogamists	mono	gam	ist
monomaniacs	mono	mania	iac
monopolist	mono	pol	ist
monopolizes	mono	pol	ize
monotheist	mono	theo	ist
misadventures	mis	advent	ure
misalliances	mis	ally	ance
misanthropist	mis	anthropo	ist
misanthropists	mis	anthropo	ist
misbehaviour	mis	behave	our
miscalculates	mis	calcul	ate
miscarriages	mis	carry	age
misdemeanour	mis	demean	our
misgovernment	mis	govern	ment
misinterpretations	mis	interpret	ion
MISINTERPRETERS	mis	interpret	er
misjudgements	mis	judge	ment
misleadingly	mis	lead	ly
misplacement	mis	place	ment
MISPLACEMENTS	mis	place	ment
misspelt	mis	spell	t
mistrustful	mis	trust	ful
megalithic	mega	lith	ic
mellifluous	melli	flu	ious
METABOLITE	meta	bol	ite
METABOLITES	meta	bol	ite
metabolizing	meta	bol	ize
metamorphosing	meta	morph	ose
MICROMETEORITE	micro	meteo	ite
maladroitness	mal	adroit	ness
MALOCCLUSION	mal	occlude	ion
interceptions	inter	cept	ion
intercommunicated	inter	communic	ate
intercommunicates	inter	communic	ate
interdictions	inter	dict	ion
interjections	inter	ject	ion
interloper	inter	lope	er
Internationale	inter	nation	ale
internationals	inter	nation	al
internee	in	tern	ee
internees	in	tern	ee
internment	in	tern	ment
internments	in	tern	ment
interpolating	inter	pol	ate
interpositions	inter	posit	ion
interrogated	inter	rog	ate
interrogates	inter	rog	ate
interrupters	inter	rupt	er
interrupter	inter	rupt	er
interurban	inter	urb	ian
interventions	inter	vene	ion
intimidates	in	timid	ate
intimidating	in	timid	ate
INTRANSIGENTS	im	transig	ant
intransitives	im	transit	ive
intransigence	im	transig	ance
intravenously	intra	venous	ly
intrepidities	im	trepid	ity
intrepidly	im	trepid	ly
invalidates	im	valid	ate
inversions	in	verse	ion
invertebrates	im	vertebr	ate
investiture	in	vest	ure
investitures	in	vest	ure
invigilate	in	vigil	ate
invigilated	in	vigil	ate
invigilates	in	vigil	ate
invigorated	in	vigor	ate
invincibly	im	vincible	y
irradiates	in	radio	ate
irresponsibly	im	responsible	y
indistinctness	im	distinct	ness
indoctrinates	in	doctrine	ate
indrawn	in	draw	n
inefficiently	im	efficient	ly
inessentials	im	essence	al
inevitability	im	evitable	ity
inexactitude	im	exact	itude
inexactitudes	im	exact	itude
inexactness	im	exact	ness
inexorability	im	exorable	ity
inexpiably	im	expiable	y
infallibility	im	fallible	ity
infelicitous	im	felic	itous
infinitude	im	fin	itude
infinitudes	im	fin	itude
infirmaries	im	firm	ory
inflictions	in	flict	ion
informalities	im	formal	ity
infrastructures	infra	struct	ure
infrequently	im	frequent	ly
inhalers	in	hale	er
inhumanely	im	humane	ly
injections	in	ject	ion
inquisitions	in	quire	ion
inscrutably	im	scrutable	y
inseminates	in	semin	ate
inseminating	in	semin	ate
insensate	im	sense	ate
insecurely	im	secure	ly
inseminated	in	semin	ate
insincerely	im	sincere	ly
insolvency	im	solve	ancy
inspectors	in	spect	or
instalments	in	stall	ment
instructress	in	struct	ess
instructresses	in	struct	ess
insufficiency	im	suffici	ancy
insurances	in	sure	ance
insurer	in	sure	er
insurers	in	sure	er
INTENDANTS	in	tend	ant
immersions	in	merse	ion
immigrates	in	migr	ate
immobilized	im	mobile	ize
immobilizes	im	mobile	ize
immodesties	im	modest	y
immodestly	im	modest	ly
immortals	im	mort	al
immutably	im	mutable	y
impalement	in	pale	ment
impecuniousness	im	pecunious	ness
impenitence	im	penit	ance
impenitent	im	penit	ant
impersonating	in	person	ate
impiously	im	pious	ly
implementations	in	plement	ion
imploringly	in	plore	ly
implosions	in	plode	ion
impolitely	im	polite	ly
importers	in	port	er
impositions	in	pose	ion
impossibilities	im	possible	ity
impoverishes	in	pover	ish
impregnated	in	pregn	ate
impregnates	in	pregn	ate
imprudences	im	prud	ance
impulsion	in	pulse	ion
inaptly	im	apt	ly
inaptness	im	apt	ness
inaugurates	in	augur	ate
incantations	in	cant	ion
incapability	im	capable	ity
incapably	im	capable	y
incarnates	in	carn	ate
incarnating	in	carn	ate
inceptions	in	cept	ion
INCEPTOR	in	cept	or
incinerated	in	ciner	ate
incinerates	in	ciner	ate
incinerating	in	ciner	ate
incisions	in	cise	ion
incompetents	im	compete	ant
incompatibly	im	compatible	y
inconsequently	im	consequent	ly
inconspicuousness	im	conspicuous	ness
inconstancies	im	constant	y
inconstancy	im	constant	y
incurables	im	cure	able
incursions	in	curse	ion
indecently	im	decent	ly
indelicacies	im	delic	acy
indentures	in	dent	ure
indenturing	in	dent	ure
hyperboles	hyper	bol	e
HYPERVELOCITY	hyper	veloc	ity
ignobly	im	noble	y
illegalities	im	legal	ity
illegally	im	legal	ly
illegibly	im	legible	y
illimitable	im	limit	able
illuminates	in	lumin	ate
immaturely	im	mature	ly
heptagonal	hepta	gon	al
foreshortened	fore	short	en
foreshortens	fore	short	en
forsworn	fore	swore	n
exterritorial	ex	territory	al
extortions	ex	tort	ion
extrajudicial	extra	judic	al
extrapolating	extra	pol	ate
estrangements	e	strange	ment
eulogies	eu	log	y
eulogist	eu	log	ist
eulogists	eu	log	ist
eulogizes	eu	log	ize
eulogizing	eu	log	ize
euphemisms	eu	phem	ism
euphonious	eu	phon	ious
euphonium	eu	phon	ium
euphoniums	eu	phon	ium
evacuates	e	vacu	ate
evacuees	e	vacu	e
evaporates	e	vapor	ate
evaporating	e	vapor	ate
eviscerated	e	viscer	ate
evolutions	e	volve	ion
exacerbating	ex	acerb	ate
excisions	ex	cise	ion
excogitating	ex	cogit	ate
excommunicates	ex	communic	ate
exculpated	ex	culp	ate
exculpating	ex	culp	ate
EXCURSUS	ex	curse	us
expatriated	ex	pater	ate
expatriating	ex	pater	ate
expectorants	ex	pector	ant
expectorates	ex	pector	ate
expedients	ex	ped	ant
expedites	ex	ped	ite
explosions	ex	plode	ion
exporter	ex	port	er
expostulates	ex	postul	ate
expostulating	ex	postul	ate
expropriates	ex	propri	ate
expropriating	ex	propri	ate
expurgate	ex	purge	ate
expurgated	ex	purge	ate
extemporized	ex	tempor	ize
extemporizes	ex	tempor	ize
extemporizing	ex	tempor	ize
extenuated	ex	tenu	ate
extenuates	ex	tenu	ate
exterminates	ex	termin	ate
engravers	en	grave	er
engrossingly	en	gross	ly
enlightens	en	light	en
enlistments	en	list	ment
enlivening	en	live	en
ennoblement	en	noble	ment
ENQUIRER	en	quire	er
enraptures	en	rapt	ure
ENROLLMENTS	en	roll	ment
enrolment	en	roll	ment
enrolments	en	roll	ment
entertainingly	inter	tain	ly
enthrallingly	en	thrall	ly
entitlements	en	title	ment
entombment	en	tomb	ment
entombments	en	tomb	ment
entrenchments	en	trench	ment
enumerates	e	numer	ate
enumerating	e	numer	ate
envisioning	en	vis	ion
EPIGENETIC	epi	gen	ic
eruptions	e	rupt	ion
ejectors	e	ject	or
elaborating	e	labor	ate
elongates	e	long	ate
elongating	e	long	ate
elucidates	e	lucid	ate
elucidating	e	lucid	ate
elucidations	e	lucid	ion
emasculates	e	mascul	ate
embalmer	en	balm	er
embalmers	en	balm	er
embankments	en	bank	ment
embellishes	en	bell	ish
embitterment	en	bitter	ment
emigrates	e	migr	ate
emigre	e	migr	e
emplacement	en	place	ment
enactments	en	act	ment
encampments	en	camp	ment
encapsulated	en	capsule	ate
encapsulates	en	capsule	ate
encapsulating	en	capsule	ate
encumbrance	en	cumber	ance
endearingly	en	dear	ly
duodecimal	duo	decim	al
duplicates	du	plic	ate
dyslexic	dys	lexic	ic
EDWINA	ed	win	a
effacement	e	face	ment
effectuating	e	fect	ate
effeminacy	e	femin	acy
efflorescing	e	flor	esc
downheartedly	down	heart	ly
disinfestation	dis	infest	ion
disintegrated	dis	integer	ate
disintegrates	dis	integer	ate
disloyalties	dis	loyal	ity
disinterestedly	dis	interest	ly
disinterestedness	dis	interest	ness
disinterments	dis	inter	ment
disloyally	dis	loyal	ly
dismissals	dis	miss	al
disobediently	dis	obedient	ly
disobligingly	dis	oblige	ly
disorientated	dis	orient	ate
disorganizing	dis	organ	ize
disorientate	dis	orient	ate
disorientates	dis	orient	ate
disorientating	dis	orient	ate
dispiritedly	di	spirit	ly
displacements	dis	place	ment
displeasingly	dis	please	ly
disqualifications	dis	qualify	ion
disquisition	dis	quire	ion
disquisitions	dis	quire	ion
dissections	di	sect	ion
dissembler	di	semble	er
dissemblers	di	semble	er
disseminates	dis	semin	ate
dissimulate	di	simul	ate
dissociates	dis	socio	ate
dissociating	dis	socio	ate
dissolutely	dis	solut	ly
dissoluteness	dis	solut	ness
distensions	dis	tend	ion
disunites	dis	un	ite
disyllables	di	syllab	le
divergences	di	verge	ance
divertingly	di	vert	ly
disablement	dis	able	ment
disablements	dis	able	ment
disadvantageous	dis	advantage	ious
disappointingly	dis	appoint	ly
disbandment	dis	band	ment
disclaimers	dis	claim	er
discolouration	dis	color	ion
discolourations	dis	color	ion
disconnectedly	dis	connect	ly
discontentedly	dis	content	ly
discontentments	dis	content	ment
discontinuities	dis	continue	ity
discouragements	dis	courage	ment
discouragingly	dis	courage	ly
discriminated	dis	crimin	ate
discriminates	dis	crimin	ate
disfranchisement	dis	franchise	ment
disheartens	dis	heart	en
dishonestly	dis	honest	ly
denotations	de	note	ion
denudation	de	nude	ion
deodorants	de	odor	ant
deodorizing	de	odor	ize
dependants	de	pend	ant
depictions	de	picto	ion
depopulated	de	popul	ate
depopulates	de	popul	ate
deportations	de	port	ion
depreciated	de	preci	ate
depreciating	de	preci	ate
depredate	de	pred	ate
depredated	de	pred	ate
depredates	de	pred	ate
derailments	de	rail	ment
derogated	de	rog	ate
derogating	de	rog	ate
desalinated	de	saline	ate
desalinates	de	saline	ate
desalinating	de	saline	ate
desalination	de	saline	ion
desalinized	de	saline	ize
desalinizes	de	saline	ize
desalinizing	de	saline	ize
desensitizing	de	sense	itize
deservedly	de	serve	ly
deservingly	de	serve	ly
detainees	de	tain	ee
detentions	de	tent	ion
dethronements	de	throne	ment
devaluates	de	value	ate
devaluating	de	value	ate
devitalized	de	vital	ize
devitalizing	de	vital	ize
declassifies	de	class	ify
declassifying	de	class	ify
decoders	de	code	er
decolonizes	de	colon	ize
decolonizing	de	colon	ize
DEDUCTABLE	de	duct	able
defections	de	fect	ion
defectors	de	fect	or
deflections	de	flect	ion
defoliant	de	foli	ant
defoliate	de	foli	ate
defoliated	de	foli	ate
defoliating	de	foli	ate
degeneracy	de	gener	acy
dehumanized	de	human	ize
dehumanizes	de	human	ize
dehumanizing	de	human	ize
dehydrates	de	hydro	ate
delimitate	de	limit	ate
delimitates	de	limit	ate
delimitation	de	limit	ion
delineates	de	line	ate
demagnetized	de	magnet	ize
demagnetizes	de	magnet	ize
demarcating	de	mark	ate
demigoddesses	demi	god	ess
demilitarized	de	militar	ize
demilitarizes	de	militar	ize
demister	de	mist	er
demisters	de	mist	er
demobilizes	de	mobile	ize
demobilized	de	mobile	ize
demobilizing	de	mobile	ize
demonetized	de	monet	ize
demystifying	de	myst	ify
demotions	de	mot	ion
denominating	de	nomin	ate
debasements	de	base	ment
debunkers	de	bunk	er
decapitated	de	capit	ate
decapitating	de	capit	ate
decarbonizes	de	carbon	ize
decarbonize	de	carbon	ize
decarbonizing	de	carbon	ize
decasyllabic	deca	syllab	ic
decasyllable	deca	syllab	le
deceiver	de	ceive	er
deceivers	de	ceive	er
deceivingly	de	ceive	ly
deceptions	de	cept	ion
cosignatories	co	sign	ory
cosignatory	co	sign	ory
contemporaneous	co	tempor	ious
conterminous	co	termin	ious
contestable	co	test	able
contortions	co	tort	ion
conurbations	co	urb	ion
convener	co	vene	er
convergences	co	verge	ance
converters	co	vert	er
convivial	co	vive	al
convolutions	co	volve	ion
corruptness	co	rupt	ness
composedly	co	pose	ly
compressible	co	press	able
compressors	co	press	or
concordances	co	cord	ance
concordat	co	cord	at
concordats	co	cord	at
conductresses	co	duct	ess
confections	co	fect	ion
confederacies	co	feder	acy
confederating	co	feder	ate
conflations	co	flate	ion
confluences	co	flu	ance
confoundedly	co	found	ly
confraternity	co	fratern	ity
congenially	co	genial	y
conglomerating	co	glomer	ate
congregating	co	greg	ate
conjunctures	co	junct	ure
conjurer	co	jur	er
conjurers	co	jur	er
consecrations	co	secrate	ion
conservancies	co	serve	ancy
conservatoires	co	serve	atoire
consolidates	co	solid	ate
constellated	co	stell	ate
constellating	co	stell	ate
constitutive	co	stitute	ive
constrictive	co	strict	ive
collaborates	co	labor	ate
collocate	co	loc	ate
collocated	co	loc	ate
collocating	co	loc	ate
commutable	co	mute	able
commutated	co	mute	ate
commutating	co	mute	ate
circumcisions	circum	cise	ion
circumnavigating	circum	navy	ate
centenaries	centi	ann	ory
centennials	centi	ann	al
BINUCLEAR	bi	nucleo	ar
bipartite	bi	part	ite
bisexuals	bi	sex	al
BEMADDENING	be	mad	en
benightedly	be	night	ly
besieger	be	siege	er
bespoken	be	spoke	en
bestrewn	be	strew	n
betaken	be	take	en
betrothals	be	troth	al
bicyclists	bi	cycle	ist
BIENNIUM	bi	ann	ium
bigamists	bi	gam	ist
bigamous	bi	gam	ious
bilabials	bi	labio	al
bilateralism	bi	lateral	ism
bilaterally	bi	lateral	ly
befallen	be	fall	en
befittingly	be	fit	ly
autonomies	auto	nomin	y
avenger	a	venge	er
avowedly	a	vow	ly
awakenings	a	wake	en
awoken	a	woke	en
backbiter	back	bite	er
backbiters	back	bite	er
backpedals	back	podo	al
backslider	back	slide	er
ascribable	a	script	able
aseptically	a	septic	ly
aspersion	a	sperse	ion
aspersions	a	sperse	ion
aspirates	a	spir	ate
aspirating	a	spir	ate
assortments	a	sort	ment
attenuated	a	tenu	ate
attributive	a	tribute	ive
attributives	a	tribute	ive
anticlockwise	anti	clock	wise
antipathies	anti	patho	y
antitheses	anti	thes	sis
antithetic	anti	thet	ic
antitoxins	anti	toxico	in
approximates	a	proxim	ate
approximating	a	proxim	ate
afforestation	a	forest	ion
affricates	a	frict	ate
agglomerating	a	glomer	ate
agglutinates	a	glutin	ate
agglutinate	a	glutin	ate
agglutinated	a	glutin	ate
aggrandized	a	grand	ize
annihilates	a	nihil	ate
annihilating	a	nihil	ate
annotated	a	note	ate
annotating	a	note	ate
annulments	a		ment
uproarious	up	roar	ious
utopia	u	top	ia
unknown	un	know	n
unknowns	un	know	n
unlawful	un	law	ful
unlikely	un	like	ly
unloader	un	load	er
unmagnified	un	magn	ify
unmanageable	un	manage	able
unmentionable	un	mention	able
unmeritorious	un	merit	ious
unmindful	un	mind	ful
unmotivated	un	motive	ate
unnameable	un	name	able
unnatural	un	nature	al
unofficial	un	office	al
unpleasant	un	please	ant
unreadable	un	read	able
unproblematic	un	problem	ic
unprocurable	un	procure	able
unpunished	un	pun	ish
unreasonable	un	reason	able
unrecoverable	un	recover	able
unreliable	un	rely	able
unrepentant	un	repent	ant
unresponsive	un	response	ive
unruly	un	rule	y
unsavory	un	savor	y
unscrupulous	un	scruple	ious
unseasonable	un	season	able
unseen	un	see	n
unselfish	un	self	ish
unservile	un	serve	ile
unshaven	un	shave	en
unsightly	un	sight	ly
unsinkable	un	sink	able
unsmilingly	un	smile	ly
unspecified	un	spec	ify
unsteadily	un	steady	ly
untenanted	un	ten	ant
unthematic	un	theme	ic
unsyllabic	un	syllab	ic
untenable	un	ten	able
untimely	un	time	ly
untouchable	un	touch	able
untraditional	un	tradition	al
untruthful	un	truth	ful
unwaveringly	un	waver	ly
unwholesome	un	whole	some
unwillingness	un	will	ness
unwisely	un	wise	ly
unwomanly	un	woman	ly
unworn	un	wore	n
upheaval	up	heave	al
upholders	up	hold	er
upholstery	up	holster	y
underachievers	under	achieve	er
underestimated	under	esteem	ate
underestimate	under	esteem	ate
undergrowth	under	grow	th
underhandedness	under	hand	ness
undertaken	under	take	en
undertaker	under	take	er
underweight	under	weigh	t
underwriter	under	write	er
undetectable	un	detect	able
undignified	un	dign	ify
undreamt	un	dream	t
undrinkable	un	drink	able
uneasy	un	ease	y
uneaten	un	eat	en
uneconomic	un	econom	ic
unemployable	un	employ	able
unendurable	un	endure	able
unenviable	un	envy	able
unerringly	un	err	ly
uneventful	un	event	ful
unimportant	un	import	ant
unfailingly	un	fail	ly
unfaithful	un	faith	ful
unfalteringly	un	falter	ly
unfamiliar	un	family	ar
unflappable	un	flap	able
unforgettable	un	forget	able
unfortunates	un	fortune	ate
unfriendly	un	friend	ly
unfrozen	un	froze	en
ungovernable	un	govern	able
ungracious	un	grace	ious
ungrateful	un	grat	ful
ungratified	un	grat	ify
unhappiest	un	happy	est
unhappiness	un	happy	ness
unhesitant	un	hesit	ant
unidentified	un	ident	ify
uniformly	uni	form	ly
unimaginative	un	imagine	ive
unimpeachable	un	impeach	able
unimaginable	un	imagine	able
uninominal	uni	nomin	al
unintelligible	un	intellig	able
universals	uni	verse	al
university's	uni	verse	ity
universities	uni	verse	ity
university	uni	verse	ity
unjustified	un	just	ify
unknowingly	un	know	ly
unambiguous	un	ambigu	ious
unachievable	un	achieve	able
unadulterated	un	adulter	ate
unaggressive	un	aggress	ive
unambiguity	un	ambigu	ity
unalienable	un	alien	able
unalterable	un	alter	able
unanswerable	un	answer	able
unappeasable	un	appease	able
unattractive	un	attract	ive
unauthentic	un	authent	ic
unawareness	un	aware	ness
unbeatable	un	beat	able
unbeliever	un	believe	er
unbidden	un	bid	en
unblinkingly	un	blink	ly
unceasingly	un	cease	ly
uncertainties	un	certain	ity
uncertainty	un	certain	ity
uncombable	un	comb	able
uncharitable	un	charit	able
unchristian	un	christ	ian
uncomfortable	un	comfort	able
uncommonly	un	common	ly
unconcernedly	un	concern	ly
unconquerable	un	conquer	able
uncontrollable	un	control	able
unconventional	un	convention	al
uncousinly	un	cousin	ly
uncritical	un	critic	al
undecorated	un	decor	ate
undeniable	un	deny	able
transmutation	trans	mute	ion
transparent	trans	par	ant
transplantable	trans	plant	able
transposition	trans	pose	ion
transsexual	trans	sex	al
transshipment	trans	ship	ment
transversely	trans	verse	ly
transvestite	trans	vest	ite
triangular	tri	angle	ar
trilingual	tri	lingu	al
tripartite	tri	part	ite
triplicate	tri	plic	ate
trajectory	trans	ject	ory
transactions	trans	act	ion
transcultural	trans	culture	al
transducer	trans	duct	er
transformable	trans	form	able
transformer	trans	form	er
transformers	trans	form	er
transfusion	trans	fuse	ion
transfusions	trans	fuse	ion
transistors	trans	sist	or
synchronize	syn	chrono	ize
synchronized	syn	chrono	ize
synchronous	syn	chrono	ious
synergism	syn	erg	ism
synonymous	syn	nym	ious
syntactically	syn	tactic	ly
synthesizes	syn	thes	ize
supernormal	super	norm	al
superscription	super	script	ion
supersensitive	super	sense	ive
supersonic	super	sono	ic
superstructure	super	struct	ure
supervision	super	vis	ion
supervisor	super	vise	or
supervisory	super	vise	ory
supplemental	su	plement	al
supposedly	su	pose	ly
supposition	su	pose	ion
suppositions	su	pose	ion
suppository	su	pose	ory
suppressor	su	press	or
supranational	super	nation	al
surrealism	sur	real	ism
surrealist	sur	real	ist
surveillance	sur	vey	ance
survivals	sur	vive	al
survivor	sur	vive	or
suspender	sus	pend	er
suspenders	sus	pend	er
symbiosis	sym	bio	sis
symmetry	sy	meter	y
sympathies	sym	patho	y
sympathized	sym	patho	ize
sympathizing	sym	patho	ize
symphonic	sym	phon	ic
symphonies	sym	phon	y
symphony	sym	phon	y
subatomic	sub	atom	ic
subcontinent	sub	contain	ant
subcontractor	sub	contract	or
subdivision	sub	divide	ion
subdivisions	sub	divide	ion
subhumanity	sub	human	ity
subjection	sub	ject	ion
subjective	sub	ject	ive
subliminal	sub	limin	al
submariners	sub	marin	er
submersion	sub	merse	ion
suborbital	sub	orbit	al
subordinate	sub	ordin	ate
subordinates	sub	ordin	ate
subscriber	sub	script	er
subscribers	sub	script	er
subscription	sub	script	ion
subsection	sub	sect	ion
subservience	sub	serve	ance
subsistence	sub	sist	ance
subsistent	sub	sist	ant
subsonic	sub	sono	ic
substitutions	sub	stitute	ion
substructure	sub	struct	ure
subversion	sub	vert	ion
subversive	sub	vert	ive
subversives	sub	vert	ive
supercilious	super	cili	ious
superfluity	super	flu	ity
superfluous	super	flu	ious
sojourner	so	journ	er
seducer	se	duct	er
seduction	se	duct	ion
segregated	se	greg	ate
segregating	se	greg	ate
semiquantitative	semi	quant	ive
semitropical	semi	tropic	al
semiweekly	semi	week	ly
retardation	re	tard	ion
retentive	re	tent	ive
retrial	re	try	al
retroactive	retro	act	ive
retrospective	retro	spect	ive
retrovision	retro	vis	ion
reunion	re	un	ion
reunite	re	un	ite
reuniting	re	un	ite
reusable	re	use	able
reversal	re	verse	al
reversible	re	verse	able
reversion	re	verse	ion
reviewers	re	view	er
revitalize	re	vital	ize
revival	re	vive	al
revivals	re	vive	al
revivified	re	vive	ify
revolution	re	volve	ion
revolutions	re	volve	ion
revolution's	re	volve	ion
rewritten	re	write	en
reparable	re	pair	able
reparation	re	pair	ion
repatriate	re	pater	ate
repercussion	re	percuss	ion
repercussions	re	percuss	ion
replenished	re	plen	ish
reportedly	re	port	ly
reporters	re	port	er
repositories	re	posit	ory
repository	re	posit	ory
reprehensible	re	prehend	able
repressions	re	press	ion
repulsions	re	pulse	ion
requirement	re	quire	ment
requirements	re	quire	ment
requisition	re	quire	ion
researcher	re	search	er
researchers	re	search	er
resemblance	re	semble	ance
resettlement	re	settle	ment
resistance	re	sist	ance
resistances	re	sist	ance
resistant	re	sist	ant
resistor	re	sist	or
resonance	re	sono	ance
resonances	re	sono	ance
resonant	re	sono	ant
resonate	re	sono	ate
respiration	re	spir	ion
restatement	re	state	ment
restrictions	re	strict	ion
restrictive	re	strict	ive
restitution	re	stitute	ion
restraints	re	strain	t
restructured	re	struct	ure
resurrection	re	surrect	ion
retainer	re	tain	er
refusal	re	fuse	al
regenerate	re	gener	ate
regenerating	re	gener	ate
regression	re	gress	ion
rehabilitation	re	habilitate	ion
rejection	re	ject	ion
rejuvenate	re	juven	ate
relocate	re	loc	ate
reminder	re	mind	er
remonstrance	re	monster	ance
remonstrate	re	monster	ate
removable	re	move	able
removal	re	move	al
remover	re	move	er
renewable	re	new	able
renewal	re	new	al
reorganize	re	organ	ize
reorganized	re	organ	ize
reorganizing	re	organ	ize
recalculated	re	calcul	ate
recantation	re	cant	ion
recaptured	re	capt	ure
recapitulation	re	capitulate	ion
receiver	re	ceive	er
receivers	re	ceive	er
receptacle	re	cept	acle
receptions	re	cept	ion
receptive	re	cept	ive
recessive	re	cess	ive
recitative	re	cite	ive
recognizable	re	cognize	able
recognizance	re	cognize	ance
reconciliation	re	concile	ion
recontamination	re	contaminate	ion
recriminate	re	crimin	ate
recursive	re	curse	ive
redecorate	re	decor	ate
redecorated	re	decor	ate
redecoration	re	decor	ion
redefinition	re	define	ion
reduction	re	duct	ion
reductions	re	duct	ion
reexamination	re	examine	ion
refectories	re	fect	ory
reflectance	re	flect	ance
reflective	re	flect	ive
reflector	re	flect	or
reflexive	re	flex	ive
refocusing	re	foc	us
reformers	re	form	er
reformatory	re	form	ory
reformulated	re	formul	ate
refraction	re	fract	ion
refractive	re	fract	ive
refractory	re	fract	ory
refreshments	re	fresh	ment
reaction	re	act	ion
reactions	re	act	ion
reactor	re	act	or
reactors	re	act	or
reanimate	re	anim	ate
reappearance	re	appear	ance
reappraisal	re	appraise	al
pursuits	pur	sui	t
quintessential	quint	essence	al
prognoses	pro	gnose	sis
prognostic	pro	gnose	ic
progression	pro	gress	ion
prohibition	pro	hibit	ion
prohibitive	pro	hibit	ive
projectile	pro	ject	ile
projections	pro	ject	ion
projector	pro	ject	or
promoter	pro	mot	er
pronominal	pro	nomin	al
proportional	pro	portion	al
proportionate	pro	portion	ate
proposal	pro	pose	al
propositions	pro	pose	ion
propulsion	pro	pulse	ion
propulsions	pro	pulse	ion
propulsive	pro	pulse	ive
prosecution	pro	secute	ion
prosecutions	pro	secute	ion
prosecution's	pro	secute	ion
prosecutors	pro	secute	or
prospective	pro	spect	ive
prospector	pro	spect	or
prospectus	pro	spect	us
prosthesis	pros	thes	sis
protractor	pro	tract	or
providence	pro	vide	ance
provider	pro	vide	er
provision	pro	vide	ion
provisioned	pro	vide	ion
provisory	pro	vis	ory
prehistoric	pre	history	ic
preliminaries	pre	limin	ory
prepayment	pre	pay	ment
prepackage	pre	pack	age
prepackaged	pre	pack	age
prerogatives	pre	rog	ive
preschooler	pre	school	er
prescription	pre	script	ion
prescriptive	pre	script	ive
presentiment	pre	senti	ment
presumptive	pre	sume	ive
presumptuous	pre	sume	ious
pretrial	pre	try	al
prevalent	pre	val	ant
prevision	pre	vis	ion
previsions	pre	vis	ion
procession	pro	cess	ion
processor	pro	cess	or
processors	pro	cess	or
proclamation	pro	claim	ion
proclamations	pro	claim	ion
procreation	pro	create	ion
producers	pro	duct	er
posthumous	post	hume	ious
postmortem	post	mort	em
prearrangement	pre	arrange	ment
precaution	pre	caut	ion
precautions	pre	caut	ion
precursor	pre	curse	or
predictors	pre	dict	or
predestination	pre	destine	ion
predetermination	pre	determine	ion
prediction	pre	dict	ion
predictions	pre	dict	ion
predictive	pre	dict	ive
predictor	pre	dict	or
predominance	pre	domin	ance
predominant	pre	domin	ant
predominate	pre	domin	ate
predominated	pre	domin	ate
predominates	pre	domin	ate
prefabricate	pre	fabric	ate
prefabricated	pre	fabric	ate
polyandry	poly	andro	y
polygamous	poly	gam	ious
polygamy	poly	gam	y
polygynous	poly	gyn	ious
polynomials	poly	nom	al
polyphosphate	poly	phosphor	ate
polysyllable	poly	syllab	le
perceptible	per	cept	able
perception	per	cept	ion
perceptions	per	cept	ion
perennial	per	ann	al
perfectly	per	fect	ly
periphery	peri	pher	y
perpendicular	per	pend	ar
persecutory	per	secute	ory
persistence	per	sist	ance
persistent	per	sist	ant
perspectives	per	spect	ive
overseer	over	see	er
oversimplify	over	simple	ify
oversimplified	over	simple	ify
overstatement	over	state	ment
overtaken	over	take	en
overthrown	over	throw	n
overwhelmingly	over	whelm	ly
pantheism	pan	theo	ism
pantheist	pan	theo	ist
Pantheon's	pan	theo	on
outfielders	out	field	er
outrageous	out	rage	ious
outrigger	out	rigg	er
outsider	out	side	er
outsiders	out	side	er
outstandingly	out	stand	ly
overaggressive	over	aggress	ive
overblown	over	blow	n
overcompensation	over	compensate	ion
overpopulated	over	popul	ate
overpressure	over	press	ure
overprotective	over	protect	ive
omnipotence	omni	pot	ance
omniscient	omni	sci	ant
omnivorous	omni	vore	ious
onlookers	on	look	er
oppressive	o	press	ive
nonexistent	non	exist	ant
nonmetallic	non	metal	ic
nonmusical	non	music	al
nonobservance	non	observe	ance
nonparticulate	non	particle	ate
nonpartisan	non	part	ian
nonpayment	non	pay	ment
nonpolitical	non	politic	al
nonproliferation	non	proliferate	ion
nonsmoker	non	smoke	er
nonstarter	non	start	er
nonsystematic	non	system	ic
nonunion	non	un	ion
objection	ob	ject	ion
objective	ob	ject	ive
objector	ob	ject	or
obliterate	ob	litera	ate
obliterated	ob	litera	ate
obtrusive	ob	trude	ive
nonaggression	non	aggress	ion
nonassertive	non	assert	ive
noncommittal	non	commit	al
noncompliance	non	comply	ance
multidimensional	multi	dimension	al
multilingual	multi	lingu	al
monarchist	mono	arch	ist
monarchy	mono	arch	y
monogamist	mono	gam	ist
monopolies	mono	pol	y
monopolize	mono	pol	ize
monopoly	mono	pol	y
monosyllable	mono	syllab	le
monosyllables	mono	syllab	le
monotonous	mono	tone	ious
monotony	mono	tone	y
misanthropic	mis	anthropo	ic
misanthropy	mis	anthropo	y
misapplication	mis	applicate	ion
miscalculate	mis	calcul	ate
miscarriage	mis	carry	age
misdemeanor	mis	demean	or
misdirection	mis	direct	ion
misinformation	mis	inform	ion
misinterpretation	mis	interpret	ion
misrepresentation	mis	represent	ion
misshapen	mis	shape	en
mistakable	mis	take	able
mistaken	mis	take	en
mistrial	mis	try	al
metabolism	meta	bol	ism
metabolize	meta	bol	ize
metamorphic	meta	morph	ic
metamorphosed	meta	morph	ose
metamorphosis	meta	morph	sis
metaphysics	meta	phys	ics
microorganism	micro	organ	ism
microorganisms	micro	organ	ism
microscopy	micro	scope	y
Midwestern	mid	west	ern
macromolecular	macro	molecule	ar
maladaptive	mal	adapt	ive
malodorous	mal	odor	ious
malpractice	mal	pract	ice
maltreatment	mal	treat	ment
juxtaposition	juxta	pose	ion
irradiate	in	radio	ate
irrationality	im	rational	ity
irrationally	im	rational	ly
irredeemable	im	redeem	able
irrefutable	im	refute	able
irrelevant	im	relev	ant
irremediable	im	remedy	able
irreproachable	im	reproach	able
irresolution	im	resolute	ion
irresponsibility	im	responsible	ity
irreverent	im	rever	ant
irrevocable	im	revoke	able
irruptions	in	rupt	ion
interaction	inter	act	ion
interception	inter	cept	ion
interceptor	inter	cept	or
intercession	inter	cess	ion
interconnectedness	inter	connect	ness
interdiction	inter	dict	ion
interdisciplinary	inter	discipline	ory
interjection	inter	ject	ion
interlocutor	inter	loqu	or
interminable	im	termin	able
interpersonal	inter	person	al
interpolate	inter	pol	ate
interposition	inter	posit	ion
interracial	inter	race	al
interrelation	inter	relate	ion
interrogate	inter	rog	ate
interruption	inter	rupt	ion
interruptions	inter	rupt	ion
intersection	inter	sect	ion
intersections	inter	sect	ion
interstellar	inter	stell	ar
intertribal	inter	tribe	al
intimidate	in	timid	ate
intolerable	im	toler	able
intolerance	im	toler	ance
intolerant	im	toler	ant
intradepartmental	intra	department	al
introductory	intra	duct	ory
introspection	intra	spect	ion
introversion	intra	vert	ion
intrusive	in	trude	ive
invalidity	im	valid	ity
invaluable	im	value	able
invariable	im	vary	able
invariant	im	vary	ant
inventive	in	vent	ive
inventor	in	vent	or
inventors	in	vent	or
inversion	in	verse	ion
invertebrate	im	vertebr	ate
investment	in	vest	ment
investments	in	vest	ment
investor	in	vest	or
invigorating	in	vigor	ate
inviolable	im	viol	able
invisible	im	vis	able
involuntary	im	volunt	ory
involvement	in	volve	ment
invulnerability	im	vulnerable	ity
infringement	in	fringe	ment
infusion	in	fuse	ion
ingrown	in	grow	n
inhabitable	in	habit	able
inhabitants	in	habit	ant
inhalation	in	hale	ion
inhaler	in	hale	er
inherent	in	_here	ant
inheritance	in	herit	ance
inhibition	in	hibit	ion
inhibitors	in	hibit	or
inhibitory	in	hibit	ory
inhumanities	im	human	ity
inhumanity	im	human	ity
injunction	in	junct	ion
injustice	im	just	ice
injustices	im	just	ice
innumerable	im	numer	able
inoffensive	im	offense	ive
inoperable	im	oper	able
inordinate	im	ordin	ate
inorganic	im	organ	ic
inquietude	im	quiet	itude
inquiries	in	quire	y
inquiry	in	quire	y
inquisitive	in	quire	ive
insanely	im	sane	ly
insanitary	im	sanit	ory
inscriptions	in	script	ion
inscrutability	im	scrutable	ity
insecurity	im	secure	ity
inseminate	in	semin	ate
insensible	im	sense	able
inseparable	im	separ	able
insiders	in	side	er
insistence	in	sist	ance
insistent	in	sist	ant
insomnia	im	somn	ia
insomniac	im	somn	iac
insomniacs	im	somn	iac
inspector	in	spect	or
instability	im	stable	ity
installation	in	stall	ion
installations	in	stall	ion
installments	in	stall	ment
institutions	in	stitute	ion
instruction	in	struct	ion
instructive	in	struct	ive
instructor	in	struct	or
instructors	in	struct	or
instructor's	in	struct	or
insubstantial	im	substance	al
insufferable	im	suffer	able
insupportable	im	support	able
insurance	in	sure	ance
insurgent	in	surge	ant
insurgents	in	surge	ant
insurrection	in	surrect	ion
insurrections	in	surrect	ion
intention	in	tend	ion
intentioned	in	tend	ion
inconsiderable	im	consider	able
inconsiderate	im	consider	ate
incontinence	im	contain	ance
inconspicuously	im	conspicuous	ly
incontinent	im	contain	ant
incorporate	im	corpor	ate
incorporated	im	corpor	ate
incorrigible	im	correct	able
indelibly	im	delible	y
increasingly	in	crease	ly
incredible	im	cred	able
incredulous	im	cred	ous
incremental	in	crement	al
incriminating	in	crimin	ate
incurable	im	cure	able
incursion	in	curse	ion
indecorous	im	decor	ious
indefinable	im	define	able
indefinite	im	define	ite
indelicate	im	delic	ate
indentation	in	dent	ion
indenture	in	dent	ure
indeterminable	im	determine	able
indifference	im	differ	ance
indignant	im	dign	ant
indignities	im	dign	ity
indigestible	im	digest	able
indigestion	im	digest	ion
indignity	im	dign	ity
indiscernible	im	discern	able
indispensable	im	dispense	able
indisputable	im	dispute	able
indistinguishable	im	distinguish	able
individual	im	divide	al
indivisible	im	divide	able
indoctrinating	in	doctrine	ate
infamous	im	fame	ious
indubitable	im	doubt	able
inducement	in	duct	ment
inducements	in	duct	ment
induction	in	duct	ion
inductions	in	duct	ion
inductive	in	duct	ive
inexorably	im	exorable	y
ineligible	im	elect	able
inequity	im	equi	ity
inevitabilities	im	evitable	ity
inessential	im	essence	al
inestimable	im	esteem	able
inexpensive	im	expense	ive
inexplicable	im	explain	able
inextinguishable	im	extinguish	able
infection	in	fect	ion
infections	in	fect	ion
infiltrate	in	filter	ate
infiltrated	in	filter	ate
infiltrating	in	filter	ate
infinite	im	fin	ite
infinity	im	fin	ity
infirmary	im	firm	ory
infirmity	im	firm	ity
inflammable	in	flame	able
inflammation	in	flame	ion
inflammatory	in	flame	ory
inflation	in	flate	ion
inflatable	in	flate	able
inflection	in	flect	ion
inflections	in	flect	ion
inflexible	im	flex	able
influences	in	flu	ance
informality	im	formal	ity
infraction	in	fract	ion
immigrants	in	migr	ant
immobilize	im	mobile	ize
immoralities	im	moral	ity
immorality	im	moral	ity
immovable	im	move	able
immutability	im	mutable	ity
impairment	im	pair	ment
impartial	in	part	al
impassable	im	pass	able
impassivity	im	passive	ity
impeccable	im	pecc	able
impediment	im	ped	ment
impenetrable	im	penetr	able
impermanence	im	perman	ance
impersonates	in	person	ate
imperishable	im	perish	able
impersonal	im	person	al
impersonate	in	person	ate
impertinence	im	pertain	ance
impertinent	im	pertain	ant
implantation	in	plant	ion
implosion	in	plode	ion
importer	in	port	er
imposition	in	pose	ion
impossibly	im	possible	y
impotency	im	potence	y
impoverish	in	pover	ish
imprecisely	im	precise	ly
impregnate	in	pregn	ate
impression	in	press	ion
impressive	in	press	ive
imprisonment	in	prison	ment
imprudence	im	prud	ance
impulsive	in	pulse	ive
impurity	im	pure	ity
inaccessible	im	access	able
inaccuracies	im	accur	acy
inaccuracy	im	accur	acy
inaccurate	im	accur	ate
inaction	im	act	ion
inactive	im	act	ive
inadequacies	im	adequ	acy
inadvertent	im	advert	ant
inadvisable	im	advise	able
inanimate	im	anim	ate
inarticulate	im	articul	ate
inattentive	im	attend	ive
inaudible	im	audio	able
inaugural	in	augur	al
inaugurate	in	augur	ate
inaugurated	in	augur	ate
inaugurating	in	augur	ate
inauspicious	im	auspice	ious
incarnate	in	carn	ate
incalculable	im	calcul	able
incapacitate	im	capacit	ate
incarcerate	in	carcer	ate
incessant	im	cess	ant
incinerate	in	ciner	ate
incision	in	cise	ion
incitement	in	cite	ment
incitements	in	cite	ment
inclinations	in	cline	ion
inclusion	in	clude	ion
incombustible	im	combust	able
incommunicable	im	communic	able
incomparable	im	compare	able
incompetence	im	compete	ance
incompletely	im	complete	ly
incongruities	im	congru	ity
incompetent	im	compete	ant
incompleteness	im	complete	ness
incongruity	im	congru	ity
hyperbole	hyper	bol	e
hyperbolic	hyper	bol	ic
hypercritical	hyper	critic	al
hypoactive	hypo	act	ive
hypochondria	hypo	chondr	a
hypochondriac	hypo	chondr	iac
hypothalamic	hypo	thalam	ic
hypothermia	hypo	thermo	ia
hypotheses	hypo	thes	sis
hypothesis	hypo	thes	sis
hypothesize	hypo	thes	ize
hypothetical	hypo	thetic	al
hypothyroidism	hypo	thyroid	ism
ignominy	im	nomin	y
illegality	im	legal	ity
illegibility	im	legible	ity
illegitimacy	im	legitim	acy
illiberal	im	liber	al
illiterate	im	litera	ate
illuminate	in	lumin	ate
immaturity	im	mature	ity
immeasurable	im	measure	able
hexagonal	hexa	gon	al
fulfillment	ful	fill	ment
forerunners	fore	run	er
foreseeable	fore	see	able
foreseen	fore	see	n
forsaken	fore	sake	en
forecasters	fore	cast	er
forerunner	fore	run	er
exhibitions	ex	hibit	ion
exhibitors	ex	hibit	or
exhibition	ex	hibit	ion
exhumation	ex	hume	ion
exhumations	ex	hume	ion
exorbitant	ex	orbit	ant
expectorant	ex	pector	ant
expectorate	ex	pector	ate
expedience	ex	ped	ance
expedient	ex	ped	ant
expediting	ex	ped	ite
expenditure	ex	pend	ure
expenditures	ex	pend	ure
explosion	ex	plode	ion
explosives	ex	plode	ive
exporters	ex	port	er
expostulate	ex	postul	ate
exposure	ex	pose	ure
exposures	ex	pose	ure
expressible	ex	press	able
expressly	ex	press	ly
expropriate	ex	propri	ate
expropriated	ex	propri	ate
expulsion	ex	pulse	ion
extension	ex	tend	ion
extensive	ex	tend	ive
extenuate	ex	tenu	ate
extenuating	ex	tenu	ate
external	ex	tern	al
exterminate	ex	termin	ate
extraction	ex	tract	ion
extractors	ex	tract	or
extrapolates	extra	pol	ate
extraterritorial	extra	territory	al
extroversion	extra	vert	ion
extrusion	ex	trude	ion
erosion	e	rode	ion
esthetics	es	thet	ic
estrangement	e	strange	ment
eulogy	eu	log	y
euphemism	eu	phem	ism
evacuated	e	vacu	ate
evaluating	e	value	ate
evaporate	e	vapor	ate
eviscerate	e	viscer	ate
evolution	e	volve	ion
exacerbate	ex	acerb	ate
exacerbated	ex	acerb	ate
exceptions	ex	cept	ion
excessive	ex	cess	ive
exchangeable	ex	change	able
exclamations	ex	claim	ion
exclamatory	ex	claim	ory
exclusions	ex	clude	ion
exclusive	ex	clude	ive
excommunicate	ex	communic	ate
excommunicated	ex	communic	ate
excursion	ex	curse	ion
encrustation	en	crust	ion
encumbrances	en	cumber	ance
endearments	en	dear	ment
enforcers	en	force	er
engraver	en	grave	er
enlargements	en	large	ment
enlighten	en	light	en
enlightening	en	light	en
enliven	en	live	en
enrichment	en	rich	ment
enrollment	en	roll	ment
enslavement	en	slave	ment
entanglement	en	tangle	ment
entertainer	inter	tain	er
entertainers	inter	tain	er
entertainment	inter	tain	ment
enthronement	en	throne	ment
entitlement	en	title	ment
entreaty	en	treat	y
entrenchment	en	trench	ment
enumerate	e	numer	ate
envision	en	vis	ion
envisions	en	vis	ion
epidermis	epi	derm	sis
epiglottis	epi	glott	sis
ejector	e	ject	or
eradicable	e	radic	able
eradicate	e	radic	ate
elaborates	e	labor	ate
elongate	e	long	ate
eloquence	e	loqu	ance
eloquent	e	loqu	ant
elucidate	e	lucid	ate
elucidated	e	lucid	ate
elucidation	e	lucid	ion
emasculate	e	mascul	ate
emasculated	e	mascul	ate
embarkation	en	bark	ion
embellish	en	bell	ish
embellished	en	bell	ish
embodiment	en	body	ment
embodiments	en	body	ment
emergent	e	merge	ant
emigrate	e	migr	ate
emigrated	e	migr	ate
emigrating	e	migr	ate
emissaries	e	miss	ory
emissary	e	miss	ory
empathy	en	patho	y
encephalic	en	cephalo	ic
encephalitis	en	cephalo	itis
enclosure	en	close	ure
encouragingly	en	courage	ly
duplicated	du	plic	ate
duplicity	du	plic	ity
dyslexia	dys	lexic	ia
eccentrics	ec	center	ic
effective	e	fect	ive
effectual	e	fect	al
effectuate	e	fect	ate
effeminate	e	femin	ate
effusive	e	fuse	ive
egregious	e	greg	ious
effloresce	e	flor	esc
downtrodden	down	trod	en
disorderly	dis	order	ly
disorganize	dis	organ	ize
disorientation	dis	orient	ion
disparity	dis	par	ity
dispassionate	dis	passion	ate
dispersal	di	sperse	al
displacement	dis	place	ment
displeasure	dis	please	ure
disposition	dis	posit	ion
dispositions	dis	posit	ion
disruptions	dis	rupt	ion
disruptive	dis	rupt	ive
dissatisfy	dis	satis	ify
dissection	di	sect	ion
disseminated	dis	semin	ate
disservice	dis	serve	ice
dissimilar	dis	simil	ar
dissimilitude	dis	simil	itude
dissociated	dis	socio	ate
dissolution	dis	solut	ion
distasteful	dis	taste	ful
distension	dis	tend	ion
distortable	dis	tort	able
distortions	dis	tort	ion
distractedly	dis	tract	ly
distraction	dis	tract	ion
distribution	dis	tribute	ion
distributions	dis	tribute	ion
distributive	dis	tribute	ive
distributor	dis	tribute	or
disunion	dis	un	ion
divergent	di	verge	ant
divestiture	di	vest	ure
digression	di	gress	ion
digressions	di	gress	ion
disability	dis	able	ity
disaffiliation	dis	affiliate	ion
disappearance	dis	appear	ance
disappointments	dis	appoint	ment
disapprovingly	dis	approve	ly
disarmament	dis	arm	ment
disarrangement	dis	arrange	ment
disbursement	dis	burse	ment
disbursements	dis	burse	ment
disconcertingly	dis	concert	ly
disconnection	dis	connect	ion
discontentment	dis	content	ment
discontinuance	dis	continue	ance
discontinuity	dis	continue	ity
discontinuous	dis	continue	ious
discordant	dis	cord	ant
discreditable	dis	credit	able
disengagement	dis	engage	ment
disestablishment	dis	establish	ment
disheartened	dis	heart	en
disheartening	dis	heart	en
disillusion	dis	illus	ion
disillusioned	dis	illus	ion
disjoint	dis	join	t
disintegrate	dis	integer	ate
disintegrating	dis	integer	ate
disjunction	dis	junct	ion
disjunctive	dis	junct	ive
dislocate	dis	loc	ate
dislocated	dis	loc	ate
description	de	script	ion
descriptions	de	script	ion
descriptive	de	script	ive
desensitized	de	sense	itize
destitution	de	stitute	ion
destruction	de	struct	ion
detention	de	tent	ion
dethronement	de	throne	ment
devitalize	de	vital	ize
devolution	de	volve	ion
diagnosable	dia	gnose	able
diagnostic	dia	gnose	ic
diagonal	dia	gon	al
diagonals	dia	gon	al
dialectal	dia	lect	al
dialectic	dia	lect	ic
dialectics	dia	lect	ics
diatomic	di	atom	ic
diffusely	di	fuse	ly
diffusion	di	fuse	ion
deformation	de	form	ion
degenerate	de	gener	ate
degenerated	de	gener	ate
dehydrate	de	hydro	ate
dehydrated	de	hydro	ate
dejectedly	de	ject	ly
dejection	de	ject	ion
delineaments	de	line	ment
delineate	de	line	ate
delineated	de	line	ate
delineating	de	line	ate
demagnetize	de	magnet	ize
demander	de	mand	er
demarcate	de	mark	ate
demobilize	de	mobile	ize
demystify	de	myst	ify
demonstrate	de	monster	ate
demoralized	de	moral	ize
demotion	de	mot	ion
denotation	de	note	ion
deodorize	de	odor	ize
dependable	de	pend	able
dependent	de	pend	ant
deportation	de	port	ion
deportee	de	port	ee
deportment	de	port	ment
depressants	de	press	ant
depressingly	de	press	ly
depression	de	press	ion
depressions	de	press	ion
depressive	de	press	ive
derogate	de	rog	ate
desalinate	de	saline	ate
debarkation	de	bark	ion
debasement	de	base	ment
deception	de	cept	ion
decertify	de	cert	ify
declamatory	de	claim	ory
declinations	de	cline	ion
decolonize	de	colon	ize
decongestant	de	congest	ant
deductible	de	duct	able
deductibles	de	duct	able
deductions	de	duct	ion
deductive	de	duct	ive
defacement	de	face	ment
defamation	de	fame	ion
defection	de	fect	ion
defective	de	fect	ive
defector	de	fect	or
coworkers	co	work	er
convergent	co	verge	ant
conversion	co	verse	ion
converter	co	vert	er
convertible	co	vert	able
convolution	co	volve	ion
cooperates	co	oper	ate
cooperating	co	oper	ate
coordinated	co	ordin	ate
coordinates	co	ordin	ate
coordinating	co	ordin	ate
correlation	co	relate	ion
correlations	co	relate	ion
corrupter	co	rupt	er
corruptible	co	rupt	able
congregated	co	greg	ate
conjoint	co	join	t
conjugal	co	jug	al
conjugate	co	jug	ate
conjugated	co	jug	ate
conjugates	co	jug	ate
conjugating	co	jug	ate
conjunction	co	junct	ion
conjunctions	co	junct	ion
conjuncture	co	junct	ure
consistence	co	sist	ance
consistency	co	sist	ancy
consolidate	co	solid	ate
consolidated	co	solid	ate
consolidating	co	solid	ate
consonant	co	sono	ant
constituency	co	stitute	ancy
constituent	co	stitute	ant
constituents	co	stitute	ant
constitution	co	stitute	ion
constraint	co	strain	t
constrictions	co	strict	ion
constrictors	co	strict	or
construction	co	struct	ion
container	co	tain	er
containers	co	tain	er
constructions	co	struct	ion
constructive	co	struct	ive
constructor	co	struct	or
consumer	co	sume	er
consumptive	co	sume	ive
contemporaries	co	tempor	ory
contemporary	co	tempor	ory
contestant	co	test	ant
contestants	co	test	ant
contortion	co	tort	ion
contribution	co	tribute	ion
contributions	co	tribute	ion
contributors	co	tribute	or
complexities	co	plex	ity
complexity	co	plex	ity
compliant	co	ply	ant
composite	co	pose	ite
composites	co	pose	ite
composure	co	pose	ure
comprehensible	co	prehend	able
comprehension	co	prehend	ion
comprehensive	co	prehend	ive
compressive	co	press	ive
compressor	co	press	or
compulsions	co	pulse	ion
compulsive	co	pulse	ive
conceivable	co	ceive	able
concentrate	co	center	ate
concentrated	co	center	ate
concentric	co	center	ic
concentrating	co	center	ate
conception	co	cept	ion
conceptual	co	cept	al
concessions	co	cess	ion
conclusive	co	clude	ive
concordant	co	cord	ant
conductive	co	duct	ive
condominium	co	domin	ium
conducive	co	duct	ive
conductance	co	duct	ance
conduction	co	duct	ion
conductor	co	duct	or
conductors	co	duct	or
conductor's	co	duct	or
confabulate	co	fable	ate
confection	co	fect	ion
confederacy	co	feder	acy
confederate	co	feder	ate
confirmation	co	firm	ion
conformance	co	form	ance
confrontation	co	front	ion
congenital	co	genit	al
conglomerate	co	glomer	ate
coequal	co	equi	al
coexistence	co	exist	ance
coexistent	co	exist	ant
cofactors	co	fact	or
cohabitation	co	habit	ion
coherence	co	_here	ance
coherent	co	_here	ant
cohesion	co	_here	ion
coincidence	co	incide	ance
coincidences	co	incide	ance
colloquial	co	loqu	al
colloquium	co	loqu	ium
commemorates	co	memor	ate
commemorate	co	memor	ate
commemorated	co	memor	ate
commensurate	co	mensur	ate
commissary	co	miss	ory
commission	co	miss	ion
commissions	co	miss	ion
commission's	co	miss	ion
committee	co	mitt	ee
committee's	co	mitt	ee
compatriots	co	pater	ot
coeditors	co	edit	or
coeducation	co	educate	ion
circumnavigate	circum	navy	ate
circumscriptions	circum	script	ion
circumspection	circum	spect	ion
circumvention	circum	vent	ion
circumscription	circum	script	ion
circumstantial	circum	stance	al
bystander	by	stand	er
belatedly	be	late	ly
besiegers	be	siege	er
betrothal	be	troth	al
bewilderedly	be	wilder	ly
bewilderment	be	wilder	ment
bicameral	bi	camera	al
bicyclist	bi	cycle	ist
bifocals	bi	foc	al
bigamist	bi	gam	ist
bigamy	bi	gam	y
bilinear	bi	line	ar
bilingual	bi	lingu	al
bimonthly	bi	month	ly
bimetallic	bi	metal	ic
bisexual	bi	sex	al
autocratic	auto	crat	ic
autonomous	auto	nomin	ious
autonomy	auto	nomin	y
awaken	a	wake	en
awakened	a	wake	en
awakening	a	wake	en
awakens	a	wake	en
backpedal	back	podo	al
ascription	a	script	ion
asexual	a	sex	al
aspirate	a	spir	ate
assemblage	a	semble	age
assemblages	a	semble	age
assembly	a	semble	y
associate	a	socio	ate
associated	a	socio	ate
assortment	a	sort	ment
assuredly	a	sure	ly
atheists	a	theo	ist
apathetic	a	patho	ic
apathy	a	patho	y
appendages	a	pend	age
appendixes	a	pend	ix
apportionments	a	portion	ment
appreciable	a	preci	able
appreciate	a	preci	ate
appreciates	a	preci	ate
appreciating	a	preci	ate
apprehension	a	prehend	ion
apprehensions	a	prehend	ion
approbation	a	prob	ion
appropriate	a	propri	ate
appropriated	a	propri	ate
appropriating	a	propri	ate
approximated	a	proxim	ate
ambivalence	ambi	val	ance
amorphous	a	morph	ious
amortize	a	mort	ize
anaerobic	a	aerobe	ic
anionic	a	ion	ic
anonymity	a	nym	ity
anticlerical	anti	cleric	al
antipathy	anti	patho	y
antithesis	anti	thes	sis
agnostic	a	gnose	ic
agnostics	a	gnose	ic
alchemy	al	chem	y
alignment	a	line	ment
alliterate	a	litera	ate
allocable	a	loc	able
allocate	a	loc	ate
Almighty	al	might	y
ambidextrous	ambi	dexter	ious
abbreviates	a	brevi	ate
abbreviating	a	brevi	ate
abductions	ab	duct	ion
abjurations	ab	jur	ion
aboriginals	ab	origin	al
abrogates	ab	rog	ate
abrogating	ab	rog	ate
absorbents	ab	sorb	ant
accelerates	a	celer	ate
abstractedly	ab	tract	ly
acclimation	a	climate	ion
acclimatize	a	climate	ize
acclimatizing	a	climate	ize
acquirement	a	quire	ment
acquirements	a	quire	ment
adhesions	ad	_here	ion
adjournments	a	journ	ment
adjudicated	a	judic	ate
adjudicates	a	judic	ate
adjudicating	a	judic	ate
admixture	a	mix	ure
adumbration	a	umbrate	ion
adumbrations	a	umbrate	ion
adverbials	a	verb	al
abasement	a	base	ment
abduction	ab	duct	ion
abnormal	ab	norm	al
aboriginal	ab	origin	al
aborigines	ab	origin	e
abrogated	ab	rog	ate
absorbent	ab	sorb	ant
absorption	ab	sorb	ion
abstraction	ab	tract	ion
abstractors	ab	tract	or
accelerando	a	celer	ando
accelerate	a	celer	ate
accelerated	a	celer	ate
accelerating	a	celer	ate
accompanists	a	compan	ist
accompanying	a	compan	y
accreditation	a	credit	ion
acculturated	a	culture	ate
accumulate	a	cumul	ate
accumulated	a	cumul	ate
accumulates	a	cumul	ate
accumulating	a	cumul	ate
accurst	a	curse	t
acquisitions	a	quire	ion
acquisitive	a	quire	ive
acquittal	a	quit	al
adherence	ad	_here	ance
adherent	ad	_here	ant
adjournment	a	journ	ment
adjustments	a	just	ment
admonishments	a	monish	ment
admonition	a	monish	ion
adverbial	a	verb	al
advocate	a	voc	ate
advocated	a	voc	ate
advocates	a	voc	ate
advocating	a	voc	ate
aesthetic	aes	thet	ic
affectingly	a	fect	ly
affirmation	a	firm	ion
affirmations	a	firm	ion
affirmative	a	firm	ive
affluent	a	flu	ant
agglomerate	a	glomer	ate
